Customer_id,Brand_name,Screen_size,Battery_capacity,Ram_size,Storage_capacity,Purchase_date,Price,Payment_type,Units_sold
4382JV,Apple,7.5,11250,12,512,2023/09/23,791,paypal,3532
tCTYRh,Xiaomi,7.7,11550,12,512,2023/06/13,792,credit card,3400
Mx77Cv,Xiaomi,6.0,9000,9,32,2024/04/25,66,cash,1638
2J38jY,Samsung,5.5,8250,9,250,2023/03/08,392,paypal,1176
r2Hh39,Oppo,4.9,7350,8,64,2023/03/31,111,credit card,2802
u2vjXV,Motorola,6.9,10350,11,250,2023/02/07,396,debit card,1044
ENqXrw,Motorola,4.5,6750,7,512,2023/04/01,782,debit card,2395
FKUhjA,Oneplus,7.2,10800,11,128,2023/06/15,214,paypal,1829
9Jq37W,Samsung,7.3,10950,11,512,2023/12/07,790,debit card,3167
BNCVHL,Apple,6.7,10050,11,250,2023/05/26,396,debit card,2396
60W2Ie,Samsung,4.4,6600,7,512,2023/04/17,782,credit card,4204
2esHME,Apple,4.1,6150,7,250,2024/05/09,388,paypal,2939
4TO804,Motorola,5.3,7950,8,512,2023/01/01,784,debit card,3208
Lz2NVA,Samsung,6.8,10200,11,250,2023/01/14,396,credit card,1889
060G37,Xiaomi,6.7,10050,11,512,2024/01/15,789,cash,4902
3S0neh,Apple,4.6,6900,7,250,2023/07/20,389,paypal,1208
n9sO3I,Samsung,6.3,9450,10,512,2024/04/06,787,paypal,4896
cO6Jr2,Motorola,6.7,10050,11,250,2023/06/01,396,debit card,1034
3Vu7Cm,Oppo,7.8,11700,12,512,2023/01/24,792,paypal,3453
261Zv1,Motorola,6.7,10050,11,512,2024/04/06,789,paypal,4962
0vUHs3,Xiaomi,4.7,7050,8,512,2023/09/26,783,credit card,2907
TuV1XK,Oneplus,5.2,7800,8,512,2023/08/28,784,credit card,1726
BmgWeb,Samsung,5.1,7650,8,512,2024/04/13,784,debit card,1895
zIe3Lx,Oppo,5.4,8100,9,512,2023/05/07,785,cash,2621
ZN5om3,Motorola,7.5,11250,12,32,2023/01/18,71,debit card,2288
VzEi0T,Xiaomi,4.9,7350,8,250,2023/11/10,390,cash,3362
R6TdRj,Samsung,7.6,11400,12,250,2023/11/18,398,cash,4222
7t2D23,Apple,7.5,11250,12,512,2023/02/01,791,cash,1962
Kx3Bcw,Motorola,7.1,10650,11,250,2023/01/18,397,paypal,1846
U5hvbw,Apple,7.6,11400,12,512,2023/03/14,791,paypal,1661
Fg8m9Y,Oneplus,5.8,8700,9,512,2023/06/02,786,paypal,4364
0pl24B,Motorola,4.1,6150,7,32,2023/03/24,61,debit card,2451
9OP48M,Oneplus,7.8,11700,12,250,2023/08/29,399,cash,4179
tlm6E3,Samsung,5.4,8100,9,512,2023/08/25,785,paypal,4120
2XiI3o,Samsung,5.0,7500,8,250,2023/06/14,391,credit card,1275
V5MVrV,Motorola,4.7,7050,8,512,2024/01/07,783,cash,2817
7cy416,Oneplus,7.3,10950,11,512,2023/11/11,790,paypal,2263
VoNomO,Apple,4.9,7350,8,512,2023/12/17,783,debit card,4577
4i7l7Z,Motorola,5.0,7500,8,32,2023/08/16,64,credit card,4441
Sd508a,Motorola,4.8,7200,8,512,2024/02/07,783,paypal,2398
G0di5e,Apple,7.8,11700,12,512,2024/03/11,792,cash,3302
nVxLqW,Apple,7.5,11250,12,512,2023/02/15,791,paypal,1663
91X5Mw,Motorola,5.6,8400,9,512,2024/03/30,785,debit card,2203
T4Jnlx,Oppo,7.9,11850,12,32,2023/06/06,72,cash,3867
64c3QP,Motorola,6.3,9450,10,250,2023/10/04,394,debit card,2799
e1qPi7,Oppo,5.3,7950,8,512,2024/02/03,784,credit card,2748
qil7FF,Xiaomi,6.8,10200,11,250,2024/01/01,396,cash,1927
cjs358,Oppo,4.7,7050,8,512,2023/03/24,783,debit card,2625
2xnVDL,Xiaomi,6.3,9450,10,512,2023/11/16,787,credit card,3826
x1Cd0v,Apple,5.5,8250,9,512,2023/03/19,785,cash,2470
IYm7O7,Oppo,4.0,6000,6,32,2023/07/23,60,debit card,3292
6f54L7,Oneplus,7.4,11100,12,250,2024/01/30,398,cash,2431
it5ZJ8,Samsung,6.2,9300,10,512,2023/12/17,787,credit card,4008
LQdMfy,Oneplus,6.7,10050,11,512,2023/04/11,789,debit card,3085
2ne5A2,Oppo,5.6,8400,9,32,2023/12/12,65,paypal,1889
L4cbl9,Motorola,4.9,7350,8,250,2023/08/17,390,credit card,3782
TP7A2P,Xiaomi,4.4,6600,7,250,2023/03/14,389,cash,1989
7377F0,Apple,6.5,9750,10,512,2023/10/18,788,credit card,4571
TdPth7,Samsung,4.5,6750,7,512,2023/02/22,782,debit card,3844
6542l8,Motorola,4.7,7050,8,250,2023/06/03,390,paypal,3101
r7wm74,Motorola,4.5,6750,7,512,2024/02/03,782,debit card,1924
B8IKc0,Oppo,7.4,11100,12,250,2023/04/28,398,debit card,3822
329511,Motorola,5.3,7950,8,512,2023/12/25,784,cash,3296
JQQOHr,Oneplus,5.6,8400,9,250,2023/10/16,392,credit card,4965
MB4rD5,Apple,5.1,7650,8,512,2023/12/15,784,debit card,3048
T7RUNI,Samsung,6.6,9900,10,250,2023/02/04,395,cash,4218
69Sm55,Xiaomi,4.6,6900,7,512,2024/02/12,782,debit card,1372
IKC8bL,Motorola,6.2,9300,10,250,2023/01/20,394,paypal,2397
2xfM0T,Xiaomi,4.9,7350,8,512,2023/06/13,783,credit card,3430
0D34G8,Samsung,7.9,11850,12,512,2023/08/19,792,credit card,1505
vu548F,Oneplus,4.5,6750,7,250,2023/03/27,389,paypal,3649
cnp72p,Samsung,5.8,8700,9,512,2023/03/12,786,paypal,1704
V9ALHq,Oppo,5.9,8850,9,250,2023/05/14,393,cash,2726
Xycfgm,Xiaomi,6.1,9150,10,512,2023/04/12,787,credit card,3136
gcNL88,Samsung,4.7,7050,8,512,2023/03/07,783,credit card,3149
wI6p3G,Oneplus,4.5,6750,7,250,2023/03/16,389,debit card,2350
hy3BJj,Apple,4.4,6600,7,512,2023/05/22,782,cash,2097
5EYR18,Oppo,7.9,11850,12,250,2023/06/26,399,cash,4086
O6J5U1,Apple,7.3,10950,11,512,2023/11/29,790,debit card,1546
0kGqhH,Apple,4.0,6000,6,512,2023/03/14,780,credit card,1054
7ODO0e,Oneplus,4.5,6750,7,250,2023/12/29,389,credit card,2380
eZ6vBw,Oneplus,4.1,6150,7,512,2023/05/23,781,debit card,2667
8pDDei,Samsung,4.2,6300,7,250,2023/01/27,388,cash,2530
ZwKILt,Oneplus,7.3,10950,11,512,2024/03/04,790,cash,4615
8gbzr2,Oneplus,7.3,10950,11,250,2024/05/04,397,paypal,2224
Rh1cfV,Oppo,4.0,6000,6,512,2024/01/01,780,paypal,2950
Vr96LB,Apple,5.8,8700,9,250,2023/03/08,393,cash,4153
BdBmO6,Samsung,4.3,6450,7,512,2023/05/09,781,cash,3854
AMZ68R,Samsung,7.1,10650,11,250,2023/01/14,397,credit card,4079
y42E7L,Oneplus,5.3,7950,8,512,2023/10/08,784,debit card,4152
z3QzVg,Xiaomi,5.6,8400,9,250,2023/12/21,392,paypal,1548
3fuDEh,Oneplus,4.1,6150,7,512,2023/08/15,781,paypal,1658
IHRlf8,Apple,6.1,9150,10,512,2024/03/05,787,debit card,3761
e1h9Qo,Xiaomi,4.8,7200,8,250,2024/05/25,390,cash,1726
i2HtV3,Motorola,4.6,6900,7,512,2023/11/12,782,paypal,3508
y6288x,Samsung,5.7,8550,9,250,2023/03/03,393,debit card,1253
sp4t5T,Samsung,6.9,10350,11,512,2023/07/11,789,credit card,4803
d8Jb2J,Oppo,4.2,6300,7,512,2024/02/11,781,paypal,3858
6th7tJ,Oneplus,7.8,11700,12,250,2024/03/02,399,credit card,2191
8GQEe0,Oneplus,7.6,11400,12,512,2023/10/15,791,credit card,2638
E0RBgV,Xiaomi,7.5,11250,12,512,2024/04/17,791,credit card,1831
kvRHTh,Motorola,4.1,6150,7,250,2024/03/24,388,credit card,4684
178T29,Xiaomi,5.9,8850,9,512,2023/02/19,786,paypal,2650
YBt1dz,Xiaomi,4.3,6450,7,250,2024/04/06,388,paypal,1573
bk0eB9,Apple,6.3,9450,10,512,2023/06/05,787,paypal,1966
JG4HgP,Apple,7.2,10800,11,250,2023/03/18,397,cash,3812
swzEX1,Apple,4.7,7050,8,512,2023/07/10,783,debit card,1840
Q85EkQ,Xiaomi,6.1,9150,10,512,2023/08/13,787,cash,4512
h1NX1N,Apple,5.1,7650,8,32,2024/03/19,64,credit card,3550
fR9gv3,Oneplus,5.5,8250,9,250,2023/06/17,392,cash,4559
802x35,Apple,7.3,10950,11,250,2023/11/23,397,debit card,1478
F0ncSu,Oneplus,6.7,10050,11,512,2023/01/25,789,paypal,4576
h0Xz65,Xiaomi,6.0,9000,9,512,2023/03/12,786,cash,3456
Qq6K6c,Oneplus,4.8,7200,8,32,2023/05/11,63,debit card,4825
q3vaY2,Motorola,4.5,6750,7,250,2023/11/08,389,cash,1312
qC6WT0,Samsung,7.4,11100,12,512,2023/02/23,791,debit card,3983
2qRE76,Oppo,5.0,7500,8,512,2023/11/14,784,cash,1846
D585cQ,Xiaomi,5.6,8400,9,32,2023/08/29,65,paypal,2629
cqZnK1,Oppo,7.7,11550,12,512,2023/03/10,792,paypal,1338
1f0RXW,Apple,6.9,10350,11,512,2024/04/08,789,credit card,1222
7JnPN5,Xiaomi,4.4,6600,7,32,2024/03/18,62,paypal,4410
KvoZCP,Motorola,5.2,7800,8,250,2023/03/28,391,paypal,1076
UqAsIc,Motorola,6.7,10050,11,512,2023/07/02,789,credit card,2962
dJO736,Apple,8.0,12000,12,512,2023/12/22,792,debit card,2859
5N8PQX,Oneplus,5.8,8700,9,32,2024/05/28,66,credit card,2988
bZ5616,Apple,6.6,9900,10,512,2023/03/15,788,cash,2880
qi0jbx,Motorola,6.0,9000,9,512,2024/04/29,786,cash,4263
XX9Ww5,Samsung,4.2,6300,7,32,2023/10/06,61,debit card,2016
1A6k0y,Motorola,5.0,7500,8,250,2023/02/02,391,paypal,1917
9YkHNq,Xiaomi,4.9,7350,8,128,2023/06/11,207,cash,4563
iyMbls,Apple,4.8,7200,8,250,2023/02/07,390,credit card,1304
ZVx41E,Samsung,7.4,11100,12,128,2023/11/02,215,credit card,4378
66KtS9,Oppo,5.6,8400,9,512,2024/02/17,785,paypal,1515
oP9fsR,Xiaomi,6.9,10350,11,512,2023/10/24,789,cash,3067
6jtr5r,Samsung,5.0,7500,8,32,2023/11/07,64,paypal,3819
Kqu3V4,Samsung,4.7,7050,8,250,2023/03/26,390,cash,1976
299a5V,Oppo,6.2,9300,10,250,2024/04/16,394,debit card,3856
YYfVb5,Oppo,4.1,6150,7,250,2023/06/04,388,cash,4740
eOpV1b,Oppo,7.1,10650,11,250,2023/06/03,397,credit card,1589
49YyLU,Oneplus,5.0,7500,8,512,2023/11/05,784,debit card,3105
d51V22,Samsung,5.0,7500,8,512,2023/05/21,784,credit card,1278
v3a3jd,Motorola,5.2,7800,8,512,2024/05/04,784,cash,2526
14v85Q,Oppo,7.1,10650,11,512,2024/04/18,790,credit card,1542
9O2dRz,Xiaomi,6.5,9750,10,512,2024/02/02,788,credit card,3342
79UG0p,Xiaomi,6.3,9450,10,32,2023/11/19,67,cash,1068
zEd58k,Motorola,7.5,11250,12,250,2023/03/03,398,cash,1698
rIsQ9o,Apple,4.1,6150,7,512,2024/04/24,781,debit card,2807
Y29d9E,Oppo,6.4,9600,10,512,2024/03/20,788,cash,3976
rrFzJi,Xiaomi,6.2,9300,10,32,2023/08/17,67,debit card,2302
j09Lbe,Motorola,7.0,10500,11,250,2023/07/23,397,credit card,3544
M1A72y,Oneplus,5.6,8400,9,32,2023/11/27,65,paypal,3874
63altH,Samsung,6.0,9000,9,250,2023/10/18,393,debit card,2088
6j7QXn,Xiaomi,6.3,9450,10,128,2024/02/16,211,credit card,1075
C7mjA7,Oneplus,7.5,11250,12,512,2024/05/26,791,cash,4195
3goaxs,Oneplus,5.5,8250,9,512,2023/08/10,785,debit card,2561
lL4368,Oppo,6.1,9150,10,32,2023/10/12,67,paypal,3039
H5fTz3,Motorola,7.4,11100,12,512,2023/01/27,791,paypal,2153
jE4k2A,Oppo,7.7,11550,12,512,2024/01/13,792,credit card,4127
7QKQxR,Apple,4.6,6900,7,32,2024/04/07,62,cash,3576
6iEx89,Samsung,6.8,10200,11,250,2023/01/08,396,paypal,1318
84Jv8b,Xiaomi,4.5,6750,7,250,2024/05/19,389,debit card,2536
HIPI7J,Oneplus,5.4,8100,9,250,2023/08/12,392,paypal,4859
DYVu6f,Motorola,5.8,8700,9,250,2023/12/06,393,cash,2270
5b15U1,Samsung,7.6,11400,12,250,2023/02/23,398,credit card,3519
ee010j,Oneplus,6.2,9300,10,250,2023/05/20,394,debit card,1537
3kLenn,Motorola,5.0,7500,8,250,2023/07/06,391,cash,4984
7j02oX,Samsung,4.3,6450,7,128,2023/06/20,205,paypal,2581
845z11,Oneplus,6.3,9450,10,250,2023/03/08,394,paypal,3609
bkOGNz,Apple,7.6,11400,12,250,2023/04/14,398,cash,2649
Dwr4sX,Apple,6.1,9150,10,128,2024/04/09,211,debit card,1914
vau71U,Samsung,7.1,10650,11,250,2023/03/05,397,paypal,4142
py2ia5,Motorola,4.6,6900,7,250,2024/02/24,389,cash,1727
Xlcbm7,Oppo,4.8,7200,8,250,2024/01/20,390,paypal,4816
3mVvm9,Oneplus,6.9,10350,11,250,2023/03/08,396,credit card,2570
YkH0sx,Xiaomi,4.4,6600,7,250,2024/02/24,389,debit card,2216
T0PY44,Motorola,4.2,6300,7,250,2024/04/22,388,cash,3409
5C9bTI,Apple,7.5,11250,12,128,2023/03/10,215,cash,2710
m5D3V3,Oneplus,7.1,10650,11,250,2023/05/21,397,credit card,1745
6vFa4Q,Samsung,4.1,6150,7,250,2024/04/11,388,credit card,4383
W437WO,Samsung,4.7,7050,8,250,2024/05/12,390,debit card,2451
12L0Su,Motorola,5.4,8100,9,250,2024/05/07,392,cash,3147
64B12w,Samsung,5.2,7800,8,128,2023/05/30,208,debit card,4999
CwUWg8,Oppo,4.2,6300,7,128,2023/01/04,205,debit card,3756
nw0A89,Xiaomi,5.9,8850,9,128,2023/05/06,210,cash,1544
0DTZL5,Motorola,7.0,10500,11,128,2024/04/01,214,cash,2019
85LD2F,Xiaomi,5.5,8250,9,250,2023/10/27,392,credit card,1621
6nR324,Samsung,5.9,8850,9,250,2023/02/24,393,cash,4096
w87C43,Oppo,6.9,10350,11,250,2023/07/26,396,credit card,4354
Whp204,Apple,5.2,7800,8,250,2023/10/28,391,paypal,4957
d83Z51,Oneplus,7.7,11550,12,250,2023/04/30,399,paypal,4665
zXB6QM,Apple,5.4,8100,9,250,2023/01/02,392,debit card,3270
fFOp4S,Xiaomi,5.6,8400,9,250,2023/07/24,392,credit card,4916
6bpSKm,Oppo,6.4,9600,10,250,2023/12/15,395,cash,3343
QWQPj4,Samsung,8.0,12000,12,250,2023/09/18,399,credit card,4919
X0FLDN,Samsung,6.3,9450,10,250,2024/03/10,394,cash,4311
Yh883p,Xiaomi,4.5,6750,7,250,2023/03/29,389,debit card,4992
766016,Oneplus,5.2,7800,8,250,2023/08/16,391,debit card,3450
6jV1W9,Xiaomi,7.6,11400,12,64,2023/10/12,119,credit card,2405
NR5868,Oppo,7.7,11550,12,64,2023/02/15,120,debit card,1710
8LPC71,Oneplus,5.1,7650,8,64,2023/03/27,112,cash,3481
EWO717,Motorola,7.4,11100,12,64,2024/04/15,119,cash,2133
Ny8lMR,Motorola,6.0,9000,9,64,2023/06/15,114,debit card,2171
mP2ht6,Samsung,4.2,6300,7,128,2023/08/18,205,credit card,4608
o4543h,Oppo,5.8,8700,9,250,2023/01/06,393,paypal,4019
6Um9Zf,Samsung,5.9,8850,9,128,2023/06/16,210,credit card,3844
rdF6QQ,Apple,6.1,9150,10,250,2024/05/19,394,cash,3012
N4S2nT,Oneplus,7.9,11850,12,250,2023/07/29,399,paypal,4179
585z97,Oppo,6.2,9300,10,250,2023/05/06,394,credit card,1572
0Y46nk,Apple,4.1,6150,7,250,2024/04/16,388,credit card,4720
lFR4s9,Apple,4.2,6300,7,512,2024/04/03,781,cash,4269
nJr9dR,Oneplus,6.0,9000,9,512,2023/01/19,786,cash,1783
uZuVnF,Oppo,6.5,9750,10,512,2023/01/25,788,cash,4151
p9xx88,Samsung,5.0,7500,8,512,2023/06/28,784,cash,2050
8VMs1S,Samsung,5.1,7650,8,512,2024/01/16,784,paypal,2947
DlUtFo,Xiaomi,7.7,11550,12,32,2023/11/03,72,paypal,3357
x3mHU5,Motorola,6.3,9450,10,250,2024/04/14,394,debit card,1657
74q9QN,Oneplus,7.1,10650,11,64,2023/11/15,118,debit card,1651
0v3Cwa,Samsung,6.8,10200,11,512,2023/04/19,789,cash,3134
ADZ1My,Xiaomi,7.4,11100,12,512,2023/10/23,791,debit card,2017
mP72PK,Xiaomi,7.8,11700,12,512,2023/04/11,792,paypal,2482
4yjcoE,Oppo,5.3,7950,8,512,2024/05/26,784,paypal,3496
jQfX65,Motorola,7.1,10650,11,512,2024/01/31,790,credit card,4070
9Nx15s,Oneplus,7.3,10950,11,32,2023/10/06,70,credit card,3023
84FalK,Apple,7.1,10650,11,250,2023/09/08,397,cash,3597
wIRv9o,Motorola,4.6,6900,7,64,2023/06/19,110,debit card,3419
51H1Z2,Motorola,6.4,9600,10,512,2023/06/04,788,cash,4209
Hdk07v,Motorola,6.9,10350,11,32,2024/05/22,69,debit card,4987
0I9C94,Oppo,5.6,8400,9,512,2023/01/06,785,credit card,1711
nAv0z5,Oneplus,4.4,6600,7,32,2023/09/29,62,debit card,3789
RPgM1x,Xiaomi,5.1,7650,8,250,2023/06/02,391,cash,4214
5Nn7Xc,Oppo,7.0,10500,11,64,2023/06/21,118,paypal,2627
hVY6p0,Samsung,4.5,6750,7,512,2023/07/23,782,credit card,3491
05vn7k,Samsung,4.4,6600,7,32,2023/09/06,62,paypal,2744
W6D0LV,Oppo,6.8,10200,11,250,2024/03/29,396,credit card,4080
fk40pa,Xiaomi,6.1,9150,10,64,2023/12/04,115,credit card,3387
hTtpuR,Oneplus,7.0,10500,11,64,2023/06/17,118,credit card,3873
5E4ggX,Xiaomi,5.4,8100,9,64,2023/05/19,113,debit card,1931
r4hf2V,Oneplus,6.0,9000,9,64,2023/02/28,114,debit card,4435
t9R724,Motorola,5.8,8700,9,64,2024/03/29,114,cash,4867
3Ak21n,Motorola,7.8,11700,12,512,2023/06/05,792,cash,1192
eww4V2,Apple,6.9,10350,11,32,2023/12/20,69,credit card,4640
0gE5yf,Xiaomi,6.9,10350,11,250,2023/03/17,396,credit card,3559
Rn5nKR,Samsung,7.6,11400,12,64,2023/10/08,119,credit card,2304
I8opu0,Oppo,6.8,10200,11,64,2024/04/11,117,paypal,2150
A8FE9m,Oppo,6.1,9150,10,64,2023/01/29,115,credit card,1787
0L2318,Motorola,6.2,9300,10,64,2024/04/14,115,debit card,1768
8599fs,Motorola,5.9,8850,9,64,2024/04/29,114,debit card,1225
867989,Motorola,4.3,6450,7,64,2023/06/23,109,credit card,2555
X8e885,Oneplus,6.6,9900,10,64,2023/07/03,116,paypal,2459
F0yQ37,Samsung,6.5,9750,10,512,2024/02/11,788,debit card,3568
QtLKY3,Samsung,5.3,7950,8,32,2023/10/21,64,paypal,3903
rJ6xjN,Apple,4.7,7050,8,250,2023/11/08,390,debit card,3336
4hTzAy,Apple,5.6,8400,9,512,2023/11/30,785,debit card,2497
6uwsZr,Samsung,6.3,9450,10,32,2024/05/26,67,paypal,1312
0C9zxi,Xiaomi,6.8,10200,11,250,2023/09/29,396,paypal,3418
ue5yv3,Apple,5.8,8700,9,64,2023/07/30,114,paypal,3506
Vo56r0,Samsung,4.7,7050,8,250,2023/08/17,390,debit card,3111
EIFHi8,Oneplus,6.5,9750,10,64,2023/03/07,116,credit card,4134
Yn8vZl,Motorola,4.9,7350,8,512,2023/08/15,783,debit card,3872
4jH8zj,Apple,6.0,9000,9,32,2023/07/28,66,credit card,2529
269G0h,Xiaomi,7.9,11850,12,250,2024/01/23,399,paypal,3562
jKPCqk,Samsung,6.0,9000,9,64,2023/02/03,114,cash,2475
deges1,Oppo,5.1,7650,8,250,2023/11/29,391,cash,1705
pX0F1z,Apple,4.9,7350,8,512,2024/01/12,783,cash,4013
T1PyK8,Oppo,7.8,11700,12,32,2024/05/15,72,cash,1674
tM7ehE,Apple,6.3,9450,10,250,2023/07/02,394,cash,3839
t0XzdQ,Apple,5.6,8400,9,64,2023/04/28,113,debit card,3093
TGe3hu,Oppo,7.3,10950,11,32,2023/03/30,70,paypal,4647
gFQzZ2,Xiaomi,6.2,9300,10,250,2024/02/13,394,credit card,3274
iyQW71,Motorola,4.3,6450,7,64,2023/11/27,109,cash,3202
4057D0,Motorola,7.7,11550,12,512,2023/06/06,792,paypal,4024
n44P4L,Apple,7.1,10650,11,32,2024/02/25,70,paypal,1032
NCBp3Y,Apple,4.6,6900,7,250,2023/02/18,389,credit card,2584
97nFNr,Oneplus,4.2,6300,7,64,2024/05/29,109,paypal,2042
ga4ciu,Oppo,4.4,6600,7,250,2023/02/16,389,cash,2968
HkLOIP,Motorola,4.5,6750,7,128,2024/05/13,206,debit card,4321
dOR4L9,Samsung,5.1,7650,8,250,2024/05/26,391,cash,2221
1Qw95r,Oppo,5.2,7800,8,250,2023/10/22,391,cash,3031
r5zV4a,Oneplus,7.8,11700,12,512,2023/08/13,792,credit card,2884
rMy87g,Apple,5.7,8550,9,32,2023/10/27,66,debit card,2503
QIEZqA,Samsung,5.1,7650,8,250,2023/11/03,391,cash,1621
ME2sN0,Xiaomi,7.7,11550,12,64,2023/02/07,120,debit card,3210
jZfwfA,Apple,7.4,11100,12,250,2023/03/11,398,debit card,1883
QTDpF4,Xiaomi,5.3,7950,8,250,2024/03/28,391,cash,4767
o8NZR7,Oneplus,5.6,8400,9,512,2023/03/04,785,credit card,4558
X79MzA,Apple,4.0,6000,6,32,2023/03/23,60,paypal,2778
cjsExg,Oppo,7.3,10950,11,512,2024/05/16,790,cash,1995
vW4x57,Oppo,7.0,10500,11,32,2023/12/31,70,debit card,1480
BLyt1b,Apple,5.9,8850,9,250,2024/03/10,393,debit card,3891
5QKtq1,Oneplus,5.7,8550,9,64,2023/06/22,114,debit card,3678
7kW1ay,Oneplus,6.1,9150,10,128,2023/07/30,211,paypal,3231
WEZC9b,Oneplus,5.0,7500,8,512,2023/04/18,784,credit card,1198
gg6A7V,Samsung,4.8,7200,8,32,2024/01/24,63,credit card,2738
cO73G2,Samsung,6.7,10050,11,512,2023/08/07,789,debit card,3704
yvmwD6,Motorola,6.1,9150,10,32,2023/11/03,67,debit card,3570
B9BArs,Apple,5.9,8850,9,250,2023/09/08,393,paypal,2476
IE2X8E,Apple,6.4,9600,10,64,2024/04/17,116,debit card,1992
8L8Y9O,Xiaomi,5.9,8850,9,512,2023/07/02,786,debit card,2172
XUDn5d,Samsung,5.5,8250,9,32,2023/03/27,65,cash,2478
2Y5816,Xiaomi,7.9,11850,12,250,2023/02/03,399,cash,3363
Nawe03,Oppo,4.7,7050,8,512,2023/01/07,783,debit card,4429
pk7mdC,Samsung,6.3,9450,10,32,2024/01/07,67,debit card,1977
dt9GzV,Motorola,6.6,9900,10,250,2024/04/24,395,cash,2251
U82Qe2,Motorola,5.3,7950,8,64,2023/01/28,112,paypal,1087
r8k3YB,Xiaomi,6.7,10050,11,128,2024/02/28,213,credit card,3598
13hydF,Xiaomi,5.5,8250,9,250,2024/04/22,392,credit card,4423
B85kji,Samsung,7.2,10800,11,128,2024/05/29,214,paypal,1701
m8QbyZ,Samsung,7.5,11250,12,128,2023/12/24,215,credit card,4782
9q1Qv5,Motorola,6.1,9150,10,128,2023/09/19,211,paypal,1298
FWhiNZ,Samsung,6.1,9150,10,128,2023/07/03,211,paypal,3266
9M80di,Oppo,7.7,11550,12,128,2023/04/27,216,cash,4633
JtQ15t,Xiaomi,4.6,6900,7,128,2023/07/25,206,paypal,2990
8iM1Au,Samsung,4.5,6750,7,128,2023/02/22,206,cash,2623
kdit3E,Samsung,5.6,8400,9,128,2023/07/11,209,cash,1192
CjOo17,Xiaomi,5.0,7500,8,128,2023/02/25,208,credit card,1066
oVw07h,Motorola,4.9,7350,8,128,2024/02/10,207,debit card,3271
n3f5fZ,Apple,7.7,11550,12,128,2023/03/13,216,paypal,4384
RO0lb9,Xiaomi,5.2,7800,8,128,2023/12/19,208,cash,3287
KWUnk1,Xiaomi,7.1,10650,11,128,2024/04/25,214,cash,2303
bw2s0V,Motorola,7.4,11100,12,128,2023/03/27,215,credit card,1382
tagFWW,Xiaomi,5.2,7800,8,128,2023/08/31,208,credit card,1218
0NFQaN,Apple,5.9,8850,9,128,2024/01/20,210,cash,4051
v86noo,Samsung,7.6,11400,12,128,2024/03/03,215,paypal,1694
BeTmf4,Oneplus,4.5,6750,7,128,2023/07/10,206,credit card,2323
Xb9LDe,Apple,7.8,11700,12,128,2023/08/28,216,credit card,3736
G055EV,Xiaomi,7.8,11700,12,250,2023/12/20,399,debit card,1138
PxOTY7,Oppo,6.4,9600,10,250,2023/10/05,395,credit card,3394
R5zd42,Oneplus,7.9,11850,12,250,2023/02/19,399,cash,4949
zyJ5l6,Samsung,4.8,7200,8,250,2023/06/03,390,credit card,2754
dg8XZe,Motorola,7.5,11250,12,250,2023/06/09,398,credit card,4221
6j8C60,Oneplus,6.9,10350,11,250,2023/12/12,396,debit card,3363
X79OJ5,Apple,5.8,8700,9,250,2023/06/18,393,paypal,3920
eqRLhO,Apple,7.6,11400,12,250,2023/10/15,398,paypal,3059
2h9UFV,Samsung,4.8,7200,8,250,2024/05/03,390,credit card,1241
9VTg33,Motorola,6.8,10200,11,250,2023/04/14,396,debit card,4558
ujuME0,Xiaomi,6.2,9300,10,250,2023/10/07,394,credit card,1416
H8CMWW,Oppo,6.5,9750,10,250,2023/08/24,395,credit card,1023
EA064d,Oppo,4.3,6450,7,250,2023/05/22,388,paypal,4830
p55KHP,Samsung,5.1,7650,8,250,2023/03/05,391,credit card,1506
z7n5a8,Samsung,4.8,7200,8,250,2024/03/10,390,debit card,4362
UHM38f,Apple,4.3,6450,7,250,2024/02/25,388,credit card,1032
3fEDs4,Motorola,5.9,8850,9,250,2023/07/13,393,debit card,4734
a1v4IL,Oppo,7.0,10500,11,250,2023/01/09,397,paypal,2348
y9dQ40,Samsung,5.0,7500,8,250,2024/04/25,391,paypal,2807
36TX9D,Motorola,4.5,6750,7,512,2023/10/01,782,debit card,3868
G7ohlL,Apple,7.0,10500,11,512,2023/12/25,790,credit card,1891
1V7Eos,Oneplus,5.6,8400,9,512,2024/01/09,785,credit card,4966
4wziGx,Oneplus,5.9,8850,9,512,2024/01/07,786,debit card,1699
4stCJ0,Xiaomi,4.0,6000,6,32,2023/07/06,60,credit card,4026
8a36Ay,Oppo,6.9,10350,11,250,2024/02/15,396,cash,4114
e64go1,Oppo,4.7,7050,8,64,2023/03/04,111,paypal,3950
7Q6Pc1,Samsung,4.5,6750,7,128,2024/05/13,206,debit card,3428
56110Y,Oneplus,5.5,8250,9,250,2023/12/11,392,debit card,2409
ay5bDk,Apple,7.2,10800,11,250,2023/03/24,397,credit card,2335
WYStIE,Apple,7.8,11700,12,250,2023/12/26,399,debit card,4935
1PRaYg,Oppo,7.8,11700,12,128,2023/01/10,216,cash,4320
o5S3dB,Xiaomi,6.6,9900,10,128,2023/09/01,212,paypal,3911
UGH7hN,Xiaomi,6.5,9750,10,128,2023/07/25,212,credit card,4004
ReqhNf,Samsung,4.7,7050,8,128,2023/07/15,207,credit card,2208
u1d0y3,Samsung,7.9,11850,12,128,2024/04/19,216,paypal,2716
tP9mkW,Apple,4.4,6600,7,128,2024/01/30,206,cash,2112
rl16u1,Motorola,5.9,8850,9,128,2023/09/22,210,paypal,4439
9Xzv0i,Xiaomi,4.5,6750,7,128,2023/04/19,206,paypal,2557
koA1JV,Apple,5.1,7650,8,250,2023/06/13,391,cash,3296
98Y7aW,Oneplus,7.5,11250,12,512,2024/05/28,791,paypal,3666
17P4Ln,Xiaomi,4.1,6150,7,32,2023/10/22,61,cash,3817
J7e6C3,Samsung,7.0,10500,11,250,2024/04/15,397,cash,4911
SF5HiN,Oneplus,7.3,10950,11,64,2023/04/16,118,debit card,1977
TwvPq9,Xiaomi,6.5,9750,10,64,2023/01/12,116,cash,4864
8R3Pnf,Oppo,5.1,7650,8,64,2023/04/29,112,credit card,2959
y9XzD2,Motorola,4.8,7200,8,64,2023/03/03,111,debit card,3642
H1OLk4,Apple,6.5,9750,10,64,2023/06/24,116,credit card,4056
749W8R,Motorola,7.4,11100,12,64,2023/03/24,119,paypal,2492
39qeKc,Apple,6.8,10200,11,64,2024/04/14,117,debit card,3193
03uXrI,Samsung,5.3,7950,8,64,2024/02/05,112,credit card,1285
Z380yK,Samsung,6.0,9000,9,64,2024/03/26,114,debit card,1131
28F2wH,Apple,7.6,11400,12,64,2024/03/08,119,debit card,4290
Ta60Ho,Xiaomi,5.5,8250,9,64,2023/09/26,113,paypal,2312
3pCm2v,Apple,7.8,11700,12,64,2024/04/17,120,paypal,1921
5rIgpG,Xiaomi,5.5,8250,9,64,2023/11/30,113,paypal,1962
KNM7NW,Xiaomi,7.0,10500,11,64,2024/05/06,118,paypal,1122
lbkgo7,Motorola,7.7,11550,12,64,2023/12/07,120,debit card,4006
VRYn5S,Apple,7.6,11400,12,64,2024/01/05,119,paypal,1652
3YepC3,Oneplus,7.8,11700,12,128,2024/02/14,216,debit card,2522
a3DI6Y,Xiaomi,5.8,8700,9,128,2023/03/11,210,credit card,1493
bJ1RrF,Samsung,5.0,7500,8,128,2024/04/23,208,debit card,2127
L76dSV,Samsung,4.8,7200,8,128,2024/05/26,207,paypal,1339
Z7oOZh,Xiaomi,7.7,11550,12,128,2023/08/26,216,cash,3373
6H4KCF,Oppo,7.2,10800,11,512,2023/09/23,790,paypal,1043
P6bFGa,Samsung,6.2,9300,10,32,2023/09/28,67,cash,3787
rTa5uY,Oppo,7.1,10650,11,32,2024/01/11,70,paypal,3193
avBBGn,Oneplus,7.4,11100,12,32,2024/04/24,71,cash,1868
81sTzv,Xiaomi,4.6,6900,7,32,2023/07/02,62,paypal,1434
Cj7RpB,Apple,5.1,7650,8,128,2024/01/23,208,cash,4489
w41Tjx,Oppo,5.4,8100,9,250,2023/03/29,392,cash,4793
H4vf66,Oppo,6.3,9450,10,128,2024/05/18,211,debit card,2760
bw6XUc,Oneplus,5.9,8850,9,250,2023/10/23,393,paypal,4331
r3GTEv,Samsung,5.3,7950,8,250,2023/05/28,391,credit card,4382
8YxMdX,Oppo,4.8,7200,8,512,2023/12/23,783,paypal,3789
R00Tbx,Oppo,5.2,7800,8,32,2023/10/18,64,debit card,3454
015GYS,Oppo,6.7,10050,11,250,2023/01/26,396,paypal,3142
s7hELe,Oneplus,7.3,10950,11,512,2024/05/20,790,debit card,1217
9HjsX6,Xiaomi,6.6,9900,10,32,2024/01/31,68,credit card,1798
bmLV1S,Oneplus,7.7,11550,12,250,2023/12/28,399,cash,3477
BYWI0u,Xiaomi,7.4,11100,12,64,2023/03/24,119,credit card,1792
K99F88,Oppo,5.9,8850,9,32,2023/03/18,66,cash,4675
saL0WW,Apple,7.7,11550,12,250,2023/11/04,399,debit card,2878
29Phou,Xiaomi,5.4,8100,9,512,2023/09/10,785,debit card,1611
2zQRvr,Oneplus,5.6,8400,9,32,2024/04/14,65,debit card,1966
kuXb30,Samsung,7.9,11850,12,512,2024/05/18,792,debit card,4496
te9791,Oneplus,4.7,7050,8,32,2023/07/03,63,debit card,4533
fckyiA,Oneplus,7.2,10800,11,250,2024/04/16,397,paypal,2738
01HVY4,Apple,4.6,6900,7,64,2023/05/13,110,credit card,2131
kM2Ak3,Oppo,6.6,9900,10,64,2024/04/23,116,cash,3204
tm3747,Samsung,7.3,10950,11,250,2024/02/18,397,debit card,1286
O7szmB,Xiaomi,5.7,8550,9,64,2023/05/21,114,cash,3588
qYTU9M,Oppo,6.9,10350,11,64,2023/04/14,117,paypal,3080
5T7FEz,Oppo,5.9,8850,9,64,2024/04/24,114,credit card,1181
cmQYJ9,Motorola,4.3,6450,7,512,2023/06/07,781,credit card,2692
603Wb0,Apple,6.9,10350,11,32,2024/04/15,69,cash,2392
N4w7Uh,Oppo,7.6,11400,12,250,2023/12/07,398,debit card,3829
QmxoIB,Samsung,6.1,9150,10,64,2023/12/09,115,credit card,1503
bD03Yr,Oneplus,5.4,8100,9,512,2024/05/28,785,cash,4985
0kkGRX,Apple,7.8,11700,12,32,2023/08/26,72,debit card,1878
DkSxVB,Xiaomi,4.7,7050,8,250,2024/03/19,390,paypal,2416
W6QCx5,Oppo,5.7,8550,9,64,2024/05/14,114,cash,4134
4TOh77,Oppo,6.4,9600,10,64,2023/12/16,116,cash,4639
xDPWu0,Motorola,7.0,10500,11,64,2023/07/03,118,paypal,4077
sRszDH,Samsung,5.3,7950,8,64,2024/01/15,112,credit card,4452
ogkB08,Motorola,7.9,11850,12,64,2024/05/20,120,debit card,3995
1609r6,Oppo,7.4,11100,12,64,2023/09/21,119,cash,2731
627aQQ,Motorola,7.9,11850,12,64,2023/02/28,120,debit card,1093
Y79SMR,Motorola,4.6,6900,7,64,2023/11/10,110,debit card,4270
XDwnT5,Samsung,7.0,10500,11,64,2023/02/20,118,paypal,2871
4O8d8i,Xiaomi,7.7,11550,12,128,2023/10/25,216,cash,1268
g6MG0O,Oppo,6.3,9450,10,250,2024/05/10,394,debit card,4321
S0owK3,Xiaomi,4.8,7200,8,128,2024/01/19,207,cash,3081
76ezLG,Apple,5.2,7800,8,250,2024/03/19,391,cash,3248
GPsV6W,Motorola,4.9,7350,8,128,2023/04/22,207,paypal,4540
1521SS,Motorola,4.2,6300,7,128,2024/05/25,205,debit card,1440
hSUX4B,Apple,6.6,9900,10,250,2023/11/03,395,credit card,1737
3n2y7H,Oppo,6.4,9600,10,128,2023/07/22,212,cash,4904
6dzOsZ,Motorola,4.8,7200,8,250,2023/08/23,390,debit card,2075
z5eH6q,Samsung,4.0,6000,6,128,2023/01/17,204,debit card,2178
8ZSQlc,Xiaomi,4.1,6150,7,250,2023/06/08,388,debit card,4575
BiIukM,Motorola,5.3,7950,8,128,2023/04/09,208,paypal,4462
2JQ50J,Apple,5.2,7800,8,250,2023/06/10,391,cash,4940
P0y115,Motorola,6.0,9000,9,128,2024/05/04,210,paypal,1901
98O7rz,Oppo,7.0,10500,11,250,2023/10/16,397,paypal,3221
y1RRYV,Xiaomi,4.2,6300,7,128,2023/08/27,205,credit card,4061
aHokD8,Oppo,7.7,11550,12,128,2023/01/26,216,paypal,1844
QT64jJ,Motorola,5.4,8100,9,250,2023/07/17,392,credit card,4970
INv437,Motorola,4.4,6600,7,128,2023/11/16,206,credit card,3365
aQ6hZu,Samsung,4.8,7200,8,250,2023/07/20,390,debit card,3969
pb9s29,Samsung,6.6,9900,10,128,2023/08/13,212,credit card,3974
uyENlb,Oppo,7.8,11700,12,250,2024/03/10,399,paypal,3186
Q0QqdL,Oppo,5.3,7950,8,128,2023/05/14,208,debit card,1190
0imH0T,Oppo,5.9,8850,9,512,2024/04/07,786,cash,1135
8mp3iI,Motorola,4.6,6900,7,512,2024/05/30,782,cash,1437
8941cL,Oneplus,7.7,11550,12,32,2023/07/20,72,credit card,2713
5K84bI,Motorola,6.8,10200,11,250,2023/09/15,396,credit card,1482
j70EY1,Motorola,7.1,10650,11,64,2023/10/19,118,cash,1609
27X8NF,Apple,6.9,10350,11,250,2024/03/04,396,cash,3887
684xr3,Oneplus,6.0,9000,9,512,2023/04/10,786,debit card,3535
ygt1RS,Oneplus,5.1,7650,8,128,2023/07/25,208,cash,4408
goL5SD,Xiaomi,6.4,9600,10,512,2024/02/12,788,debit card,3186
Ui55Hx,Oppo,5.1,7650,8,250,2023/11/20,391,cash,3131
9N0y7o,Samsung,6.1,9150,10,512,2023/07/28,787,debit card,2816
HK4uPL,Apple,4.9,7350,8,250,2023/04/29,390,credit card,4526
WpYhE6,Oppo,6.4,9600,10,512,2023/07/19,788,paypal,3789
1Tr7B6,Motorola,7.4,11100,12,250,2023/05/23,398,cash,4464
h1jpk6,Oppo,4.7,7050,8,512,2023/10/13,783,paypal,1447
bXZh94,Xiaomi,5.5,8250,9,250,2023/06/28,392,credit card,3810
HRQR3N,Apple,4.7,7050,8,512,2023/10/07,783,credit card,4819
1E4HTP,Apple,6.6,9900,10,250,2023/08/19,395,paypal,1937
DYHB8K,Xiaomi,6.4,9600,10,512,2023/07/15,788,paypal,1616
lodRcc,Samsung,6.6,9900,10,512,2024/03/30,788,credit card,4274
46XrGv,Samsung,6.3,9450,10,512,2023/12/21,787,debit card,3064
6mibpg,Samsung,7.6,11400,12,512,2024/01/08,791,cash,4964
0MtMg1,Xiaomi,4.1,6150,7,512,2024/01/24,781,debit card,4422
T2xdK6,Motorola,7.1,10650,11,512,2023/06/22,790,credit card,3276
j2r6X5,Oneplus,4.1,6150,7,32,2023/04/19,61,debit card,3772
58H6F2,Motorola,6.1,9150,10,250,2023/01/21,394,cash,3391
O183fE,Apple,4.9,7350,8,250,2024/05/14,390,paypal,2337
xCt8ZJ,Oppo,7.8,11700,12,512,2023/07/31,792,credit card,1639
1vAqm4,Apple,7.6,11400,12,250,2023/08/10,398,debit card,1064
SyPoD3,Samsung,4.2,6300,7,512,2023/10/06,781,debit card,1607
fXI3So,Oneplus,5.2,7800,8,512,2023/09/01,784,paypal,3777
A34S68,Apple,4.7,7050,8,512,2023/02/04,783,cash,3445
D9Ddu2,Motorola,5.7,8550,9,512,2023/05/16,786,cash,4144
7Iq8h5,Samsung,6.2,9300,10,32,2023/06/23,67,debit card,3226
07590R,Oppo,4.1,6150,7,250,2023/05/23,388,paypal,2045
wG6kmA,Oneplus,6.6,9900,10,64,2023/10/20,116,debit card,4671
43u8VQ,Oneplus,7.0,10500,11,250,2023/01/02,397,paypal,2597
Px3f7q,Samsung,6.7,10050,11,512,2023/06/08,789,paypal,2568
Qr72Zx,Oneplus,6.7,10050,11,128,2024/02/21,213,paypal,4641
J3Wh32,Apple,5.3,7950,8,512,2023/03/30,784,debit card,3827
z5IQvK,Oneplus,4.3,6450,7,250,2024/04/27,388,credit card,1575
Sc2Fo6,Samsung,6.0,9000,9,512,2023/10/26,786,cash,1418
wW8G2g,Oneplus,6.8,10200,11,250,2024/04/23,396,paypal,3186
34M7ww,Samsung,5.5,8250,9,512,2024/03/27,785,credit card,1306
96xFOO,Oppo,6.1,9150,10,250,2023/03/06,394,paypal,1755
Z8JpHj,Oppo,6.4,9600,10,512,2024/05/05,788,paypal,3425
gB3P53,Motorola,5.0,7500,8,250,2023/09/24,391,credit card,1174
EC73h1,Xiaomi,5.5,8250,9,512,2023/01/19,785,credit card,1378
PKugsa,Samsung,7.7,11550,12,250,2023/10/04,399,cash,1735
0qL7u9,Motorola,4.0,6000,6,512,2024/04/08,780,paypal,4037
89165A,Oneplus,4.3,6450,7,512,2023/04/08,781,paypal,2275
ykht5s,Xiaomi,6.2,9300,10,512,2024/01/09,787,credit card,3587
LtH6u1,Oneplus,5.0,7500,8,512,2024/05/24,784,credit card,1850
Xd9FAu,Motorola,5.7,8550,9,512,2023/09/26,786,cash,3020
av5COE,Motorola,6.4,9600,10,512,2023/12/05,788,paypal,4126
8JMnC0,Samsung,5.1,7650,8,32,2023/04/29,64,credit card,4772
Ub97Ea,Samsung,7.4,11100,12,250,2024/05/11,398,credit card,4419
1Odn9C,Samsung,4.3,6450,7,250,2023/10/30,388,cash,3350
1y27Q5,Xiaomi,4.4,6600,7,512,2024/01/02,782,paypal,1323
3WVA1d,Apple,6.5,9750,10,250,2024/01/12,395,cash,1017
rAy3qX,Xiaomi,6.1,9150,10,512,2023/01/13,787,debit card,4011
Vd2owD,Xiaomi,5.3,7950,8,512,2024/05/11,784,paypal,4688
sHsAn2,Oneplus,6.7,10050,11,250,2024/01/27,396,paypal,4770
6Dme6V,Oneplus,6.7,10050,11,250,2024/03/17,396,paypal,4532
FhP30F,Motorola,6.9,10350,11,250,2024/01/12,396,cash,2596
Ydqf17,Xiaomi,5.9,8850,9,250,2023/09/17,393,cash,3660
08b78X,Xiaomi,4.7,7050,8,250,2023/12/01,390,debit card,4568
owOtnV,Apple,5.3,7950,8,250,2024/01/19,391,cash,1794
nYMgc3,Apple,6.4,9600,10,250,2023/09/07,395,paypal,4267
VO79oR,Apple,6.9,10350,11,250,2023/08/28,396,paypal,4801
9n1uuO,Samsung,7.1,10650,11,250,2024/04/02,397,cash,4331
JlEXo9,Oneplus,6.2,9300,10,512,2024/02/21,787,credit card,4276
5208nI,Oppo,6.7,10050,11,32,2023/07/13,69,credit card,2741
JCPEfr,Samsung,6.4,9600,10,250,2023/03/23,395,debit card,1299
5j9q44,Xiaomi,6.1,9150,10,64,2024/04/02,115,credit card,4103
6a8kkh,Motorola,4.2,6300,7,128,2024/02/15,205,debit card,1598
j8ff1l,Oppo,6.5,9750,10,128,2023/09/03,212,credit card,3948
D2US43,Samsung,6.7,10050,11,128,2023/08/08,213,cash,3579
30VxV3,Oneplus,5.0,7500,8,128,2023/01/18,208,paypal,2959
FD5Rx1,Oneplus,7.2,10800,11,128,2023/05/24,214,credit card,3235
03yIBh,Xiaomi,4.9,7350,8,128,2023/12/20,207,paypal,1755
5haSZX,Motorola,7.6,11400,12,32,2023/10/31,71,debit card,4249
EVAy5C,Oneplus,4.4,6600,7,250,2023/02/18,389,paypal,2972
S7743A,Samsung,4.1,6150,7,64,2023/02/16,109,cash,4649
2k5SQb,Xiaomi,7.3,10950,11,250,2024/02/25,397,debit card,3228
95r1Io,Apple,7.7,11550,12,512,2023/06/17,792,cash,2133
rNB6V5,Oneplus,5.6,8400,9,128,2024/03/12,209,debit card,3337
20vMSa,Motorola,6.1,9150,10,512,2023/05/05,787,cash,1269
I3r37i,Samsung,4.8,7200,8,250,2024/01/12,390,cash,4840
5Pe1Pk,Xiaomi,6.6,9900,10,512,2024/03/08,788,paypal,1832
0lS0en,Apple,7.2,10800,11,250,2023/01/12,397,cash,1308
ZfHJnO,Motorola,4.2,6300,7,512,2023/04/13,781,credit card,2733
Ww3SJ8,Oppo,7.1,10650,11,250,2023/09/03,397,cash,4637
9174Q3,Motorola,5.2,7800,8,512,2023/02/01,784,debit card,2676
BO5qGC,Motorola,7.0,10500,11,250,2023/08/24,397,cash,4994
8f93J8,Samsung,4.9,7350,8,512,2023/04/09,783,debit card,2585
zytA2Q,Apple,4.8,7200,8,250,2023/11/14,390,cash,1610
jJC1HU,Oppo,4.5,6750,7,512,2024/02/18,782,credit card,3944
gxbFg3,Apple,5.3,7950,8,512,2023/07/29,784,debit card,4098
L9a3a9,Oneplus,5.2,7800,8,512,2023/03/20,784,credit card,2906
qb7tM0,Oppo,5.8,8700,9,512,2023/09/16,786,credit card,2383
24G0ST,Xiaomi,7.1,10650,11,512,2024/04/21,790,paypal,1873
o4o3Pp,Oneplus,7.6,11400,12,512,2024/04/07,791,debit card,2416
88wGJ5,Samsung,5.1,7650,8,32,2024/03/18,64,debit card,3344
0Celv4,Oneplus,6.4,9600,10,250,2023/07/25,395,cash,2821
b50jy8,Xiaomi,6.5,9750,10,250,2023/12/31,395,credit card,2251
SX2j42,Oneplus,5.2,7800,8,512,2024/05/20,784,credit card,2145
wCJKCg,Apple,4.8,7200,8,250,2024/01/16,390,credit card,3565
la2L1D,Xiaomi,4.7,7050,8,512,2023/07/29,783,cash,2289
k3O8b0,Xiaomi,7.0,10500,11,512,2023/06/22,790,paypal,4267
RUMJml,Motorola,7.2,10800,11,128,2023/12/14,214,credit card,1018
KS7NiC,Apple,4.9,7350,8,250,2023/09/20,390,cash,1380
8UH99t,Samsung,5.5,8250,9,128,2023/04/18,209,paypal,4986
3Ai0K0,Xiaomi,6.3,9450,10,128,2024/01/03,211,debit card,2836
RBCosY,Oneplus,6.8,10200,11,128,2024/05/07,213,debit card,2826
GdJ3K7,Oppo,5.7,8550,9,128,2024/01/09,210,paypal,3609
W8X5X6,Oppo,6.4,9600,10,128,2023/01/21,212,debit card,2196
LcgBQ2,Oppo,6.1,9150,10,128,2023/10/21,211,debit card,3745
0KJp5a,Apple,7.7,11550,12,128,2023/12/03,216,cash,2056
mf3nh9,Xiaomi,7.1,10650,11,128,2024/02/01,214,paypal,3224
L0k0UZ,Samsung,6.8,10200,11,128,2023/03/13,213,paypal,3257
C82vOh,Motorola,5.7,8550,9,128,2023/07/03,210,credit card,4725
66P9ri,Samsung,7.0,10500,11,250,2023/11/17,397,paypal,4185
vcKmxn,Oneplus,4.2,6300,7,512,2024/01/20,781,paypal,2375
a8yrZ9,Apple,6.6,9900,10,512,2023/05/17,788,paypal,3648
oPh66W,Apple,5.7,8550,9,32,2023/11/25,66,debit card,1991
8iD8ZI,Apple,4.3,6450,7,250,2023/05/26,388,paypal,4572
m5Q9v4,Samsung,6.1,9150,10,64,2024/01/06,115,cash,4630
G1hvV7,Oneplus,4.6,6900,7,250,2023/09/26,389,credit card,1878
3Z7uDy,Oneplus,4.1,6150,7,512,2023/08/12,781,paypal,3753
gD5fss,Xiaomi,5.2,7800,8,128,2023/05/31,208,cash,2984
i4MZCV,Motorola,7.4,11100,12,512,2023/05/14,791,cash,1061
1P4219,Motorola,5.6,8400,9,250,2023/08/16,392,paypal,2684
H8F466,Motorola,6.2,9300,10,512,2023/04/15,787,cash,1889
a1717d,Oneplus,5.0,7500,8,250,2024/02/20,391,cash,1426
01Grk2,Oppo,6.4,9600,10,512,2024/02/19,788,paypal,1819
o7wzkJ,Xiaomi,4.9,7350,8,250,2023/02/02,390,debit card,4534
o750XF,Oneplus,5.9,8850,9,512,2023/02/25,786,cash,2235
94AD8j,Xiaomi,6.4,9600,10,250,2023/08/08,395,paypal,4259
Akx1Pp,Xiaomi,5.8,8700,9,512,2023/06/17,786,paypal,1342
ZWVSU4,Xiaomi,7.1,10650,11,250,2023/06/18,397,cash,4584
7Nd46a,Oppo,6.6,9900,10,512,2023/06/09,788,debit card,2811
Hd4M8J,Motorola,4.4,6600,7,512,2023/10/28,782,paypal,3528
AQnolX,Oppo,5.0,7500,8,512,2023/06/24,784,credit card,3643
7bp0Cb,Oppo,7.7,11550,12,512,2024/02/21,792,paypal,3927
V0n81W,Samsung,7.8,11700,12,512,2023/05/23,792,debit card,1870
54F3Cp,Motorola,6.7,10050,11,512,2023/06/01,789,credit card,4967
mSdF8Q,Oppo,4.3,6450,7,32,2023/09/13,61,debit card,1870
x68DuL,Xiaomi,7.7,11550,12,250,2024/05/06,399,cash,4366
0LQXB7,Apple,5.7,8550,9,250,2023/01/22,393,paypal,1758
069Jr5,Xiaomi,5.6,8400,9,512,2024/05/19,785,credit card,3301
PyJ1U8,Motorola,5.6,8400,9,250,2024/01/17,392,credit card,3852
0xHZE0,Apple,4.7,7050,8,512,2024/04/17,783,cash,2920
zTYugg,Samsung,7.9,11850,12,512,2024/02/13,792,debit card,2358
8e6nB4,Samsung,6.3,9450,10,512,2024/03/07,787,debit card,1311
7y79mr,Oneplus,4.3,6450,7,512,2024/02/28,781,debit card,2376
utF41S,Oneplus,7.5,11250,12,32,2023/12/17,71,paypal,3893
AEO6EU,Apple,7.8,11700,12,250,2023/02/27,399,paypal,1309
82gl3D,Xiaomi,5.8,8700,9,64,2023/01/14,114,debit card,1503
5Z98WT,Motorola,4.7,7050,8,250,2024/03/01,390,cash,1698
7J0xM9,Xiaomi,5.5,8250,9,512,2023/06/14,785,paypal,4561
Tc6puQ,Apple,7.0,10500,11,128,2023/11/17,214,credit card,1160
ae87yd,Motorola,4.8,7200,8,512,2023/04/26,783,credit card,2313
ZOg2P6,Apple,5.2,7800,8,250,2024/05/13,391,debit card,2068
60vI7W,Apple,6.4,9600,10,512,2024/02/06,788,cash,1406
7gdCQp,Xiaomi,7.4,11100,12,250,2024/02/14,398,credit card,2317
Z7PZ6M,Motorola,6.1,9150,10,512,2023/05/26,787,debit card,2444
hsk0XS,Oppo,4.5,6750,7,250,2023/03/11,389,paypal,4060
vk558R,Xiaomi,7.5,11250,12,512,2023/09/02,791,debit card,1320
DF7ZAV,Apple,7.4,11100,12,250,2024/05/17,398,debit card,2872
47Y954,Oneplus,4.1,6150,7,512,2024/05/05,781,paypal,1205
OKIHT2,Motorola,5.0,7500,8,250,2023/05/20,391,credit card,4031
0qxaDP,Oneplus,6.5,9750,10,512,2023/09/04,788,paypal,2296
ctlM8C,Motorola,5.2,7800,8,512,2023/02/13,784,paypal,4318
4o89sm,Xiaomi,5.8,8700,9,512,2024/05/08,786,credit card,3706
WOVgX0,Apple,5.5,8250,9,512,2024/04/12,785,credit card,3288
6HGC5z,Oppo,6.1,9150,10,512,2023/09/11,787,cash,2873
45Ug13,Xiaomi,5.0,7500,8,512,2024/01/14,784,debit card,3658
d91VZ1,Oppo,6.1,9150,10,32,2023/02/06,67,debit card,1239
UYY2P8,Motorola,6.4,9600,10,32,2023/01/15,68,cash,2324
nr3Ui1,Xiaomi,6.2,9300,10,32,2023/03/24,67,debit card,4975
lOgeGh,Samsung,6.7,10050,11,32,2023/09/04,69,cash,1594
i2UoMF,Oppo,7.7,11550,12,32,2023/09/03,72,paypal,3430
aRPCtu,Xiaomi,4.3,6450,7,32,2023/06/24,61,debit card,1988
k1FFAo,Motorola,5.0,7500,8,32,2023/06/26,64,credit card,2749
bH4QO2,Apple,6.3,9450,10,32,2023/02/12,67,credit card,1190
h6ZSh4,Xiaomi,4.1,6150,7,250,2024/03/12,388,debit card,1473
cL55q7,Xiaomi,6.5,9750,10,250,2024/05/28,395,paypal,1499
K8mPt3,Motorola,5.7,8550,9,128,2024/04/25,210,paypal,4642
G16H97,Oppo,6.0,9000,9,250,2023/12/24,393,paypal,3868
8P77YM,Oppo,5.8,8700,9,250,2024/02/21,393,credit card,1246
evE0Mb,Samsung,7.9,11850,12,250,2024/02/23,399,cash,4942
Zwhb95,Xiaomi,6.9,10350,11,250,2023/09/13,396,credit card,1182
83qgAn,Motorola,4.3,6450,7,512,2023/06/22,781,credit card,1563
L9g4MK,Samsung,7.0,10500,11,32,2024/03/14,70,paypal,1117
e764S5,Motorola,4.5,6750,7,250,2023/05/04,389,debit card,3216
amkj58,Apple,6.6,9900,10,64,2023/09/28,116,credit card,2797
il0Ot8,Oppo,4.7,7050,8,64,2023/08/18,111,credit card,3542
NX337N,Motorola,6.5,9750,10,64,2024/05/17,116,paypal,1937
7rYV8q,Xiaomi,6.5,9750,10,64,2023/01/28,116,paypal,3349
x9g0M9,Oneplus,5.3,7950,8,64,2023/10/01,112,paypal,2491
o5ZAlc,Xiaomi,6.9,10350,11,64,2024/05/13,117,paypal,3624
7V5qFH,Oneplus,6.9,10350,11,64,2024/01/07,117,cash,2029
CG534v,Apple,4.1,6150,7,64,2024/01/26,109,cash,3681
4kt8qO,Oppo,7.0,10500,11,64,2023/05/13,118,debit card,3315
ONYLaa,Xiaomi,5.0,7500,8,512,2023/02/11,784,cash,4479
pLNiFS,Samsung,5.7,8550,9,512,2024/04/03,786,credit card,3896
9MoQ6m,Apple,5.9,8850,9,32,2023/06/16,66,paypal,1630
m8WlFr,Oneplus,5.1,7650,8,250,2023/09/23,391,cash,2304
xjr03l,Xiaomi,5.0,7500,8,64,2023/08/22,112,paypal,2168
3MT8mC,Oneplus,7.4,11100,12,250,2024/02/13,398,cash,1914
M95Ptf,Apple,5.0,7500,8,512,2024/02/08,784,credit card,2595
C6Yty3,Xiaomi,7.9,11850,12,128,2024/01/18,216,credit card,4914
Z2h0R7,Oppo,6.8,10200,11,512,2024/04/12,789,credit card,4241
ksvZUy,Oppo,6.3,9450,10,250,2023/04/25,394,debit card,3478
xhSlm4,Xiaomi,6.6,9900,10,512,2023/04/03,788,paypal,1959
Yj9xTv,Apple,5.8,8700,9,250,2023/01/11,393,credit card,4980
lhx838,Samsung,6.8,10200,11,512,2023/02/28,789,debit card,4476
l068YY,Oneplus,6.2,9300,10,250,2023/10/26,394,credit card,3834
3Y1ET0,Oppo,6.0,9000,9,512,2023/08/17,786,credit card,1329
6DKfS4,Oppo,4.5,6750,7,250,2023/08/18,389,credit card,4847
B308BX,Motorola,5.0,7500,8,512,2024/05/17,784,debit card,2764
br2rEo,Xiaomi,7.8,11700,12,250,2023/05/10,399,debit card,3300
s34Cqw,Xiaomi,5.2,7800,8,512,2024/03/24,784,paypal,2745
UX45lB,Apple,7.9,11850,12,512,2024/04/23,792,debit card,4527
4d6DZK,Oppo,7.6,11400,12,512,2023/07/26,791,credit card,3610
W0Xudw,Apple,5.0,7500,8,512,2023/01/20,784,debit card,4581
M6KJ0C,Apple,4.4,6600,7,512,2023/12/04,782,debit card,1018
Vhli99,Apple,4.9,7350,8,512,2024/02/10,783,paypal,1642
Xf9Mzp,Apple,4.7,7050,8,32,2023/02/02,63,debit card,3416
p2YFm9,Motorola,7.3,10950,11,250,2023/04/02,397,credit card,1591
8Bip05,Oneplus,7.1,10650,11,250,2023/06/12,397,credit card,4265
erTDKl,Motorola,4.5,6750,7,512,2024/02/17,782,debit card,3369
O2aWcG,Oneplus,4.8,7200,8,250,2023/01/05,390,credit card,4960
5mqC8w,Apple,7.8,11700,12,512,2023/05/21,792,paypal,1507
366X8L,Oppo,4.6,6900,7,512,2023/10/03,782,cash,4282
oH4093,Apple,4.8,7200,8,32,2023/10/30,63,debit card,1724
3rW56B,Xiaomi,5.9,8850,9,250,2023/11/22,393,cash,1373
uDXCOx,Oppo,7.0,10500,11,512,2023/07/11,790,debit card,4647
Gt7IGC,Motorola,7.4,11100,12,32,2023/06/29,71,cash,3653
1P5oi6,Samsung,4.2,6300,7,250,2023/04/19,388,credit card,4281
4W5IET,Apple,5.2,7800,8,64,2023/05/24,112,credit card,3458
Qcq9wH,Xiaomi,7.7,11550,12,250,2023/09/25,399,paypal,2391
8b77bz,Apple,6.9,10350,11,512,2023/03/12,789,credit card,1271
y1J0r7,Oneplus,7.2,10800,11,128,2024/03/12,214,credit card,3740
hH0wkl,Xiaomi,7.6,11400,12,512,2023/05/18,791,debit card,3300
arxRGD,Apple,6.5,9750,10,250,2024/01/14,395,credit card,1487
5xixP5,Xiaomi,5.6,8400,9,512,2023/01/19,785,credit card,2436
MSch7M,Oneplus,6.5,9750,10,250,2023/07/20,395,credit card,3810
Ar7LA8,Samsung,8.0,12000,12,512,2023/04/11,792,debit card,1946
N9tzZ6,Apple,7.1,10650,11,250,2023/07/23,397,cash,3899
jg0x2b,Oneplus,6.7,10050,11,512,2023/08/13,789,paypal,1759
g188DK,Apple,4.3,6450,7,250,2023/02/18,388,credit card,3414
97bCc0,Oneplus,5.8,8700,9,512,2023/09/17,786,cash,3257
RKYCQx,Xiaomi,4.3,6450,7,250,2024/05/25,388,cash,4785
e5L19T,Samsung,6.9,10350,11,512,2024/05/22,789,cash,2838
29Qh18,Xiaomi,7.5,11250,12,512,2023/10/28,791,debit card,4529
X7m9SC,Apple,7.0,10500,11,512,2024/05/30,790,debit card,2122
wQe0R2,Oppo,7.5,11250,12,512,2024/02/27,791,paypal,1244
j6o27g,Motorola,5.0,7500,8,512,2023/10/27,784,credit card,3952
veNB7z,Motorola,6.4,9600,10,512,2024/02/20,788,credit card,2777
9Crx7B,Oppo,5.8,8700,9,32,2023/02/09,66,credit card,4808
4403jp,Oneplus,7.0,10500,11,250,2023/06/15,397,debit card,3140
qvvO9X,Motorola,4.1,6150,7,250,2023/06/28,388,credit card,2040
5EQmjc,Motorola,7.0,10500,11,512,2023/12/23,790,debit card,4435
Xj50k9,Oppo,4.2,6300,7,250,2023/01/19,388,paypal,4540
lH549d,Xiaomi,7.2,10800,11,512,2023/11/15,790,paypal,4609
AgO60I,Xiaomi,7.8,11700,12,512,2023/06/26,792,debit card,3752
0hUEuH,Motorola,6.6,9900,10,32,2023/11/01,68,cash,4574
3Fi13g,Samsung,7.2,10800,11,512,2023/05/16,790,paypal,4266
524Q2D,Oppo,4.1,6150,7,512,2023/06/29,781,paypal,2795
2A19X7,Motorola,5.6,8400,9,32,2024/02/29,65,debit card,2612
cI1AQc,Apple,7.0,10500,11,250,2023/05/19,397,cash,2837
3kRaV1,Motorola,4.2,6300,7,64,2023/04/12,109,cash,3096
7MCugH,Oppo,4.5,6750,7,250,2023/12/27,389,cash,2907
K69ZNf,Oneplus,4.1,6150,7,512,2023/05/31,781,credit card,1150
z813lS,Motorola,7.9,11850,12,128,2023/02/28,216,cash,1700
l84Efg,Samsung,6.1,9150,10,512,2023/10/16,787,debit card,3046
2Y1is7,Apple,4.7,7050,8,250,2023/08/04,390,debit card,1841
NC5AGH,Xiaomi,6.7,10050,11,512,2023/02/09,789,paypal,2302
JG173m,Apple,5.3,7950,8,250,2023/04/10,391,paypal,3040
65e9Et,Apple,7.5,11250,12,512,2023/09/01,791,cash,4483
51KN1x,Oppo,4.2,6300,7,250,2023/10/29,388,cash,4467
IXlHei,Oneplus,4.1,6150,7,512,2023/05/15,781,debit card,1477
IgCq79,Samsung,5.4,8100,9,250,2024/02/03,392,credit card,4478
f56Zmx,Motorola,4.3,6450,7,512,2023/04/24,781,credit card,2067
5kopK9,Oppo,7.2,10800,11,250,2023/12/13,397,paypal,1023
xFBrEx,Motorola,4.3,6450,7,512,2024/03/08,781,credit card,3410
qYeb12,Motorola,4.1,6150,7,512,2023/02/02,781,cash,1171
hcqwa4,Oneplus,6.5,9750,10,512,2023/01/16,788,debit card,4023
3Y9w1R,Oneplus,6.8,10200,11,512,2023/11/05,789,debit card,1218
BfW14x,Motorola,4.6,6900,7,512,2023/02/21,782,cash,2192
N9kH2m,Oneplus,4.9,7350,8,512,2023/08/19,783,credit card,1612
7v5S9Z,Xiaomi,7.4,11100,12,32,2024/04/26,71,debit card,4155
s5R89j,Xiaomi,7.6,11400,12,250,2023/10/27,398,cash,4200
5mj1xX,Xiaomi,4.8,7200,8,250,2023/10/20,390,credit card,2927
m0EGtz,Xiaomi,5.3,7950,8,512,2023/03/23,784,paypal,3472
5FhXzy,Apple,8.0,12000,12,512,2023/03/12,792,debit card,2386
Tkea7S,Motorola,7.6,11400,12,512,2023/09/13,791,debit card,3954
06dd06,Oppo,7.9,11850,12,32,2024/01/26,72,credit card,4924
1OWg3T,Apple,5.2,7800,8,250,2024/01/01,391,cash,3646
L9JCTQ,Xiaomi,6.4,9600,10,64,2024/04/18,116,debit card,3407
10NSd5,Samsung,5.0,7500,8,250,2023/01/03,391,credit card,2550
0269r0,Oneplus,6.8,10200,11,512,2023/04/25,789,cash,1657
C3JOKf,Xiaomi,7.2,10800,11,128,2024/04/30,214,cash,3378
6qN76w,Motorola,4.5,6750,7,512,2023/03/09,782,credit card,4593
F2MB7e,Motorola,5.2,7800,8,250,2023/03/14,391,credit card,1243
N9AGR7,Motorola,6.4,9600,10,512,2024/02/05,788,credit card,1471
NfFnxH,Oppo,5.0,7500,8,250,2023/01/24,391,cash,2747
z8DjiP,Oppo,7.4,11100,12,512,2023/04/27,791,paypal,1469
XvbJOl,Oneplus,6.2,9300,10,250,2023/07/09,394,debit card,1596
Tx5LJf,Samsung,6.8,10200,11,512,2023/11/07,789,cash,3518
f2R16S,Xiaomi,6.3,9450,10,250,2023/11/02,394,debit card,2721
hxns1g,Apple,4.0,6000,6,512,2023/09/15,780,paypal,3793
95h8L7,Motorola,6.8,10200,11,250,2024/05/14,396,paypal,3590
7vZRAj,Samsung,6.6,9900,10,512,2023/08/03,788,cash,3460
GFLYez,Apple,5.3,7950,8,512,2023/04/13,784,credit card,3664
mQ2ri5,Oneplus,5.4,8100,9,512,2024/03/29,785,debit card,3679
3zIU0Q,Xiaomi,7.5,11250,12,512,2023/10/16,791,credit card,3129
PHn7Vj,Motorola,7.2,10800,11,512,2023/09/03,790,credit card,1222
s0IbIF,Xiaomi,7.2,10800,11,512,2024/01/26,790,credit card,2381
815xdh,Samsung,4.1,6150,7,32,2023/03/17,61,cash,1263
J8j35Z,Xiaomi,7.0,10500,11,250,2024/03/24,397,paypal,3384
8d0Q71,Samsung,4.8,7200,8,250,2023/07/29,390,debit card,2353
uuESw7,Oppo,4.5,6750,7,512,2023/12/19,782,cash,1651
02MTOv,Oppo,4.4,6600,7,250,2023/08/19,389,paypal,1015
kU9q60,Xiaomi,7.6,11400,12,512,2023/10/04,791,paypal,3097
q3IV3A,Apple,7.6,11400,12,512,2023/03/28,791,credit card,1558
LZrpbc,Xiaomi,5.0,7500,8,32,2023/05/19,64,paypal,4712
g9dx4S,Motorola,7.5,11250,12,250,2023/01/12,398,credit card,3063
5JBTRa,Xiaomi,6.0,9000,9,64,2024/03/13,114,debit card,2265
8gV40f,Samsung,4.2,6300,7,250,2023/04/23,388,debit card,3536
emIdPW,Motorola,7.4,11100,12,512,2023/06/26,791,paypal,4227
ug630Y,Motorola,4.1,6150,7,128,2023/11/26,205,debit card,4838
dMQG0i,Samsung,7.6,11400,12,512,2023/10/28,791,cash,3570
DqIGv4,Apple,6.0,9000,9,250,2023/10/27,393,credit card,4443
LE2qQ3,Motorola,4.9,7350,8,512,2023/08/11,783,debit card,3073
cZXmlo,Oppo,5.3,7950,8,250,2024/03/30,391,cash,2820
1xuRjI,Xiaomi,5.1,7650,8,512,2023/06/28,784,credit card,2436
OMKAEh,Xiaomi,5.8,8700,9,250,2023/01/06,393,cash,3158
brOrzk,Samsung,6.3,9450,10,512,2023/07/28,787,paypal,2565
53m348,Oneplus,6.1,9150,10,250,2024/05/19,394,cash,2331
5iPTAk,Samsung,6.1,9150,10,512,2023/01/06,787,cash,1811
XF7T5e,Xiaomi,5.1,7650,8,250,2023/12/29,391,cash,2982
l4y7tm,Samsung,4.9,7350,8,512,2024/01/08,783,credit card,2799
zKXm0W,Samsung,7.6,11400,12,512,2024/01/04,791,paypal,1090
f6ov6Y,Motorola,4.3,6450,7,512,2023/08/21,781,credit card,3530
15P4Jy,Motorola,4.2,6300,7,512,2023/01/02,781,credit card,1453
cjZ58z,Apple,7.5,11250,12,512,2023/04/03,791,credit card,3363
qzcBv1,Samsung,4.1,6150,7,512,2024/05/02,781,paypal,1636
AN2F1u,Samsung,4.7,7050,8,32,2023/07/20,63,paypal,4580
dU4F5T,Oppo,4.2,6300,7,250,2023/02/08,388,cash,4726
0p8h72,Samsung,6.0,9000,9,250,2023/06/05,393,cash,2918
1dPf4P,Xiaomi,6.3,9450,10,512,2023/08/22,787,paypal,4747
PVoQqd,Samsung,4.4,6600,7,512,2023/05/16,782,paypal,3605
25O414,Samsung,6.0,9000,9,32,2023/06/16,66,debit card,3226
2g8HCY,Apple,5.9,8850,9,250,2023/09/23,393,paypal,1009
W1EK6A,Apple,5.8,8700,9,64,2023/01/05,114,debit card,4616
5Ffc17,Oppo,5.6,8400,9,250,2024/02/12,392,credit card,4707
WX5ieW,Motorola,5.1,7650,8,512,2024/01/07,784,cash,3314
fQ9jr6,Samsung,4.9,7350,8,128,2023/03/12,207,cash,4973
Ew2p6M,Apple,4.2,6300,7,512,2023/03/06,781,paypal,2848
H0p854,Xiaomi,4.3,6450,7,250,2023/07/27,388,paypal,3833
n61Nj2,Samsung,7.6,11400,12,512,2023/12/12,791,credit card,1217
oFHVbj,Motorola,7.7,11550,12,250,2024/02/26,399,cash,2879
nfBPu1,Oneplus,6.0,9000,9,512,2023/05/07,786,debit card,2187
tzOCJP,Xiaomi,5.2,7800,8,250,2023/07/17,391,credit card,2049
b0PXBz,Motorola,6.3,9450,10,512,2023/08/11,787,debit card,2738
1xAXcF,Apple,4.4,6600,7,250,2024/04/16,389,credit card,4249
f5j3RW,Samsung,4.6,6900,7,512,2023/10/16,782,cash,4443
b5X32i,Apple,7.2,10800,11,250,2023/11/17,397,credit card,1475
gGCpVH,Oneplus,7.4,11100,12,512,2024/04/26,791,cash,3053
TmvNoA,Xiaomi,6.3,9450,10,512,2023/11/15,787,credit card,1580
Xd7Q35,Oneplus,6.1,9150,10,512,2024/03/01,787,credit card,4211
K5rQL1,Samsung,6.0,9000,9,512,2023/09/28,786,paypal,3881
7008Zp,Oneplus,7.9,11850,12,512,2023/10/16,792,paypal,1395
523WJS,Samsung,4.1,6150,7,512,2024/02/26,781,cash,3756
sRko1B,Oppo,5.8,8700,9,32,2024/04/25,66,credit card,4763
ASbF24,Samsung,7.2,10800,11,250,2023/06/22,397,credit card,4717
rdL2bG,Samsung,7.4,11100,12,250,2023/04/13,398,paypal,3467
fzXRgx,Motorola,4.5,6750,7,512,2023/05/03,782,cash,4998
XeI8PB,Oppo,4.7,7050,8,250,2023/06/15,390,debit card,4854
I1xVSc,Apple,6.9,10350,11,512,2023/02/21,789,debit card,4806
wICv8N,Oppo,5.3,7950,8,512,2023/08/29,784,debit card,4165
BgwMPg,Motorola,4.2,6300,7,512,2023/01/21,781,debit card,4275
7Yt45f,Motorola,7.2,10800,11,512,2023/05/07,790,paypal,3254
u0RT6K,Oneplus,6.2,9300,10,32,2023/10/12,67,credit card,3930
17288V,Samsung,6.9,10350,11,250,2023/05/09,396,cash,4516
ml56cm,Oppo,7.3,10950,11,64,2023/05/02,118,credit card,3934
X75fj9,Oppo,5.1,7650,8,250,2023/07/26,391,paypal,1403
19l6R0,Oneplus,5.6,8400,9,512,2023/01/17,785,credit card,3278
3V4SJl,Apple,7.8,11700,12,128,2024/05/04,216,paypal,3683
9JYcEE,Oneplus,5.1,7650,8,512,2023/12/17,784,paypal,4813
2vX5gw,Oneplus,6.9,10350,11,250,2023/10/01,396,credit card,1910
r0Vr03,Oneplus,6.6,9900,10,512,2023/04/15,788,credit card,2965
tTAsF3,Apple,6.6,9900,10,250,2024/02/12,395,cash,3480
0r4Mzn,Oppo,7.1,10650,11,512,2024/05/14,790,credit card,2204
5we9FU,Samsung,4.5,6750,7,250,2023/10/15,389,debit card,1474
241X8J,Samsung,7.0,10500,11,512,2023/07/19,790,debit card,4800
0l0WB1,Oneplus,5.2,7800,8,250,2024/05/16,391,credit card,1045
d0y9UH,Oppo,5.4,8100,9,512,2024/01/01,785,paypal,4787
1XZLBe,Samsung,5.5,8250,9,250,2023/10/10,392,debit card,1341
V3M7E5,Samsung,4.0,6000,6,512,2024/03/22,780,credit card,3021
2MaCGC,Motorola,6.0,9000,9,512,2023/12/02,786,cash,1159
F9ZR7h,Oneplus,7.8,11700,12,512,2023/03/01,792,cash,2989
6d1L43,Xiaomi,6.0,9000,9,512,2024/05/17,786,cash,2562
XW4a00,Samsung,4.4,6600,7,512,2024/01/10,782,cash,2869
kKJwxw,Oppo,5.0,7500,8,512,2023/08/29,784,paypal,1124
sjcuHj,Motorola,7.5,11250,12,32,2023/11/14,71,credit card,4259
X7JRz8,Oneplus,4.2,6300,7,250,2024/04/27,388,cash,1052
CUmgK3,Oppo,7.7,11550,12,250,2023/01/12,399,debit card,4702
11738k,Samsung,4.4,6600,7,512,2023/06/09,782,cash,4260
1m3JE8,Xiaomi,6.1,9150,10,250,2024/05/30,394,cash,2293
3cq1Y9,Apple,4.4,6600,7,512,2024/01/30,782,credit card,4907
dsMFAT,Oppo,4.2,6300,7,512,2023/07/21,781,cash,1768
54nlF1,Oneplus,7.5,11250,12,32,2024/05/01,71,debit card,2699
bFr43x,Oneplus,6.6,9900,10,250,2024/01/23,395,credit card,3569
KSJ0nz,Motorola,5.0,7500,8,512,2023/11/20,784,debit card,3372
n74OUl,Samsung,7.2,10800,11,512,2023/06/16,790,cash,2802
fJ5GS9,Apple,4.7,7050,8,512,2024/04/19,783,cash,4581
5IlAB7,Xiaomi,4.1,6150,7,32,2023/04/06,61,debit card,1323
764624,Oneplus,7.1,10650,11,250,2023/06/06,397,cash,3599
U2gbr3,Oppo,5.5,8250,9,64,2023/08/08,113,paypal,2272
sw962o,Oneplus,7.4,11100,12,250,2023/11/05,398,cash,4624
nxeVf5,Xiaomi,7.4,11100,12,512,2023/08/26,791,credit card,4671
QDsH2t,Motorola,6.8,10200,11,128,2024/01/14,213,debit card,1487
fo8Dj2,Apple,6.9,10350,11,512,2023/08/25,789,credit card,1445
Ia97n3,Oneplus,5.2,7800,8,250,2023/05/25,391,cash,2701
i91Hc8,Motorola,4.8,7200,8,512,2023/05/27,783,credit card,2619
O9Q0TT,Motorola,4.1,6150,7,250,2023/12/03,388,cash,2907
E6aV9U,Oneplus,7.6,11400,12,512,2023/07/10,791,credit card,4331
d7TP9h,Xiaomi,5.2,7800,8,250,2023/11/21,391,cash,2212
515MEn,Oneplus,5.1,7650,8,512,2023/05/02,784,credit card,1514
0SXil2,Samsung,7.3,10950,11,250,2023/03/02,397,credit card,1039
99CW9Z,Motorola,6.8,10200,11,512,2023/12/14,789,paypal,2103
0VraDO,Oppo,7.7,11550,12,250,2023/05/01,399,paypal,4876
pvYhH0,Xiaomi,5.9,8850,9,512,2023/03/17,786,paypal,3774
iH7523,Xiaomi,7.0,10500,11,512,2023/07/17,790,cash,4759
se8rHj,Oneplus,5.7,8550,9,512,2024/01/06,786,cash,1839
rj58nA,Xiaomi,7.9,11850,12,512,2023/03/06,792,cash,1063
xSgRo1,Samsung,6.0,9000,9,512,2024/04/04,786,paypal,3803
asPU5J,Apple,5.2,7800,8,512,2023/03/08,784,debit card,1735
974FmD,Oneplus,6.2,9300,10,32,2023/11/20,67,paypal,2117
iEq6CV,Oneplus,4.9,7350,8,250,2023/10/25,390,paypal,2829
uW4ij6,Apple,7.8,11700,12,250,2023/04/30,399,credit card,3550
675toj,Xiaomi,7.2,10800,11,512,2023/11/14,790,cash,4336
7m5I34,Motorola,6.0,9000,9,250,2023/04/08,393,cash,1546
fw361e,Oneplus,6.0,9000,9,512,2023/09/01,786,credit card,4516
7vm9V0,Oppo,4.3,6450,7,512,2024/05/10,781,debit card,3439
A9LV7s,Oneplus,4.8,7200,8,32,2023/07/09,63,cash,2416
45J388,Oppo,4.1,6150,7,250,2024/05/07,388,credit card,2267
9l32U4,Apple,6.2,9300,10,512,2023/12/18,787,debit card,3172
iMLIpi,Oppo,7.5,11250,12,512,2023/04/26,791,debit card,4246
Yi3BZ0,Xiaomi,7.5,11250,12,512,2023/07/13,791,paypal,2742
kHuj30,Oppo,7.5,11250,12,32,2023/05/31,71,credit card,3188
53eDVE,Oneplus,5.7,8550,9,250,2023/03/05,393,debit card,3932
k2c157,Oppo,4.3,6450,7,64,2024/01/09,109,debit card,2006
8JMETl,Motorola,4.1,6150,7,64,2024/01/11,109,cash,2056
xQ2yKx,Samsung,6.3,9450,10,64,2023/03/31,115,credit card,2996
9IvSi2,Motorola,4.2,6300,7,64,2023/06/19,109,debit card,2119
37x9Tx,Apple,7.9,11850,12,64,2023/11/19,120,debit card,3122
sSqadu,Xiaomi,7.7,11550,12,64,2023/07/26,120,cash,3687
U5G8u0,Oneplus,7.3,10950,11,64,2024/04/05,118,cash,2930
wIAuGU,Samsung,6.1,9150,10,250,2023/01/26,394,debit card,2039
Gqq4kt,Oppo,4.0,6000,6,250,2023/10/27,387,paypal,2603
gw8G5h,Samsung,7.6,11400,12,250,2023/12/06,398,paypal,2127
55aiN7,Apple,6.6,9900,10,250,2023/10/31,395,paypal,1833
q203u4,Samsung,6.6,9900,10,250,2023/03/13,395,paypal,2237
3x7LtR,Oneplus,4.3,6450,7,250,2023/07/04,388,paypal,2720
rV47Tm,Xiaomi,4.5,6750,7,250,2023/05/06,389,credit card,2147
YWy380,Oneplus,5.7,8550,9,250,2023/11/17,393,credit card,3188
m5AQ0o,Apple,5.5,8250,9,250,2023/10/26,392,credit card,4501
1mB5dO,Apple,4.3,6450,7,250,2024/01/16,388,credit card,2352
LSy3n1,Oneplus,4.7,7050,8,512,2024/05/13,783,paypal,4789
UnXRj4,Motorola,7.4,11100,12,32,2023/01/01,71,paypal,1634
UL34Pg,Xiaomi,5.2,7800,8,250,2024/05/27,391,debit card,4899
m89M3p,Xiaomi,6.0,9000,9,64,2024/02/07,114,cash,2906
Ukj2Jy,Oppo,7.6,11400,12,64,2024/02/01,119,debit card,1952
r2Wz50,Apple,6.8,10200,11,64,2023/09/25,117,paypal,4912
E0U856,Samsung,7.7,11550,12,64,2023/11/01,120,paypal,3938
3F42Ki,Xiaomi,5.4,8100,9,64,2023/05/21,113,cash,2936
9lq6FO,Oppo,6.7,10050,11,64,2024/05/12,117,cash,2358
W82FW0,Oneplus,5.0,7500,8,64,2023/10/21,112,credit card,4179
j3e8uh,Motorola,6.6,9900,10,64,2023/12/22,116,cash,1168
nrd1HW,Motorola,4.1,6150,7,64,2024/05/30,109,paypal,2462
ELEO0X,Oppo,4.8,7200,8,64,2023/07/11,111,cash,4250
I55g20,Oneplus,6.9,10350,11,512,2023/03/11,789,credit card,3401
y8dLuD,Oppo,4.3,6450,7,32,2023/12/19,61,cash,1602
2saPmh,Apple,7.1,10650,11,250,2023/10/04,397,credit card,1453
O61W0U,Samsung,4.3,6450,7,64,2023/11/26,109,cash,2516
403hM6,Samsung,5.2,7800,8,512,2023/05/10,784,debit card,4727
9o7Pzj,Motorola,6.3,9450,10,512,2024/05/24,787,paypal,4817
9SYTDm,Motorola,4.8,7200,8,32,2023/02/16,63,debit card,3062
fv3V1g,Oppo,5.4,8100,9,250,2023/11/20,392,paypal,1807
6I55L2,Oneplus,5.6,8400,9,64,2023/03/10,113,cash,1751
byvNSM,Oppo,7.0,10500,11,250,2023/05/23,397,debit card,4901
X8Rl7A,Motorola,4.3,6450,7,512,2023/07/30,781,credit card,4960
R15m8G,Oppo,7.6,11400,12,512,2024/02/21,791,paypal,2689
e9P303,Oppo,7.8,11700,12,32,2024/05/08,72,cash,4109
aBlAKH,Oppo,7.0,10500,11,250,2023/12/15,397,debit card,4155
ZwRdBg,Motorola,6.4,9600,10,512,2023/02/26,788,paypal,1441
G3M87E,Oppo,4.2,6300,7,512,2023/03/17,781,credit card,3099
8zF6fp,Motorola,5.6,8400,9,32,2023/09/29,65,paypal,4976
IOWxlR,Oneplus,6.9,10350,11,250,2023/07/04,396,credit card,3976
dZg3Wu,Apple,4.2,6300,7,64,2023/10/21,109,debit card,4993
AsXUlM,Oneplus,7.1,10650,11,250,2024/02/05,397,paypal,4073
3ClGLK,Xiaomi,5.4,8100,9,512,2023/02/15,785,credit card,3921
9SRqYB,Xiaomi,5.3,7950,8,512,2023/05/03,784,paypal,2406
0VX7IM,Apple,6.3,9450,10,32,2024/02/15,67,credit card,4613
xe706y,Xiaomi,7.9,11850,12,250,2024/05/19,399,credit card,3131
OCuS9K,Samsung,4.2,6300,7,64,2023/07/12,109,debit card,2915
5u7PqP,Oppo,4.2,6300,7,250,2023/08/30,388,debit card,3541
5ifJQU,Oneplus,5.6,8400,9,512,2024/01/07,785,debit card,1421
49lv6s,Xiaomi,5.2,7800,8,128,2023/08/05,208,debit card,4753
6X46pu,Oneplus,6.2,9300,10,512,2024/05/17,787,debit card,3404
7JfCkc,Oppo,4.4,6600,7,250,2023/02/28,389,debit card,1319
gJ11AX,Oneplus,4.2,6300,7,512,2023/03/31,781,debit card,3943
0d0N97,Samsung,4.1,6150,7,250,2023/03/28,388,paypal,2959
383yK7,Oppo,4.3,6450,7,512,2023/12/06,781,paypal,2991
Q52qQU,Oneplus,5.8,8700,9,250,2023/09/30,393,paypal,3190
67r3SX,Xiaomi,5.9,8850,9,250,2023/06/08,393,paypal,1955
3l3761,Oneplus,7.4,11100,12,512,2023/10/30,791,debit card,4360
645Miw,Xiaomi,4.4,6600,7,128,2023/01/18,206,debit card,1597
e277kn,Oppo,4.3,6450,7,512,2023/11/19,781,debit card,3710
Fr5Zgk,Apple,5.4,8100,9,250,2023/10/26,392,cash,4910
NvW0R2,Xiaomi,7.6,11400,12,512,2023/04/14,791,paypal,4852
y39CUN,Xiaomi,5.2,7800,8,250,2023/03/18,391,cash,2891
09PSR6,Motorola,6.0,9000,9,512,2023/11/03,786,cash,4356
BDn144,Xiaomi,6.7,10050,11,250,2024/04/26,396,paypal,4624
21z508,Oneplus,6.9,10350,11,512,2023/06/29,789,debit card,1728
41gjyJ,Samsung,6.5,9750,10,512,2023/04/24,788,cash,1320
7Z5vBs,Samsung,6.7,10050,11,32,2023/04/13,69,cash,3647
m7y71V,Motorola,4.5,6750,7,250,2023/09/09,389,credit card,2393
14P0Ds,Apple,4.4,6600,7,64,2023/07/27,110,debit card,3058
t4ugYc,Samsung,5.7,8550,9,250,2024/02/26,393,paypal,2258
OP4kLY,Samsung,4.9,7350,8,512,2023/12/25,783,debit card,3150
1WdN8l,Oppo,7.0,10500,11,128,2023/11/16,214,credit card,3566
rKQfPx,Xiaomi,6.2,9300,10,512,2024/04/28,787,cash,4005
6bPR1P,Oneplus,7.1,10650,11,250,2024/04/23,397,debit card,4592
4rT5Tr,Apple,5.6,8400,9,512,2023/01/21,785,debit card,1993
4SKm35,Oneplus,4.3,6450,7,250,2023/05/21,388,cash,4304
3hb67i,Oppo,5.7,8550,9,512,2024/03/13,786,cash,3118
939Mgs,Motorola,7.5,11250,12,250,2023/01/07,398,credit card,1470
